team,year,total_infractions,races_affected,drivers,summary,top_infraction_1,top_infraction_1_count,top_infraction_2,top_infraction_2_count,top_infraction_3,top_infraction_3_count
McLaren,2020,11,1,"Carlos Sainz, Lando Norris","McLaren received 11 infringement(s) in 2020. The most common infraction type was impeding (5 occurrence(s)). The most frequent penalty was no action (5 time(s)). Drivers involved: Carlos Sainz, Lando Norris. Infractions occurred across 1 race(s).",impeding,5,yellow_flags,2,technical,1
Red Bull,2020,10,0,"Max Verstappen, Alexander Albon","Red Bull received 10 infringement(s) in 2020. The most common infraction type was collision (5 occurrence(s)). The most frequent penalty was no action (4 time(s)). Drivers involved: Max Verstappen, Alexander Albon.",collision,5,other,3,track_limits,1
Aston Martin,2020,17,6,"Lance Stroll, Sergio Perez","Aston Martin received 17 infringement(s) in 2020. The most common infraction type was other (7 occurrence(s)). The most frequent penalty was unknown (6 time(s)). Drivers involved: Lance Stroll, Sergio Perez. Infractions occurred across 6 race(s).",other,7,track_limits,2,yellow_flags,2
Ferrari,2020,8,0,"Sebastian Vettel, Charles Leclerc","Ferrari received 8 infringement(s) in 2020. The most common infraction type was impeding (2 occurrence(s)). The most frequent penalty was no action (3 time(s)). Drivers involved: Sebastian Vettel, Charles Leclerc.",impeding,2,speeding,2,unsafe_release,1
Alfa Romeo,2020,13,0,"Antonio Giovinazzi, Kimi Raikkonen","Alfa Romeo received 13 infringement(s) in 2020. The most common infraction type was other (6 occurrence(s)). The most frequent penalty was unknown (6 time(s)). Drivers involved: Antonio Giovinazzi, Kimi Raikkonen.",other,6,speeding,3,track_limits,3
Mercedes,2020,17,1,"Valtteri Bottas, Lewis Hamilton","Mercedes received 17 infringement(s) in 2020. The most common infraction type was other (8 occurrence(s)). The most frequent penalty was unknown (9 time(s)). Drivers involved: Valtteri Bottas, Lewis Hamilton. Infractions occurred across 1 race(s).",other,8,yellow_flags,3,procedure,3
Haas,2020,18,0,"Kevin Magnussen, Romain Grosjean","Haas received 18 infringement(s) in 2020. The most common infraction type was track limits (8 occurrence(s)). The most frequent penalty was unknown (7 time(s)). Drivers involved: Kevin Magnussen, Romain Grosjean.",track_limits,8,other,5,technical,2
AlphaTauri,2020,15,0,"Daniil Kvyat, Pierre Gasly","AlphaTauri received 15 infringement(s) in 2020. The most common infraction type was track limits (5 occurrence(s)). The most frequent penalty was unknown (8 time(s)). Drivers involved: Daniil Kvyat, Pierre Gasly.",track_limits,5,other,4,technical,3
Alpine,2020,9,0,"Esteban Ocon, Daniel Ricciardo","Alpine received 9 infringement(s) in 2020. The most common infraction type was impeding (3 occurrence(s)). The most frequent penalty was no action (4 time(s)). Drivers involved: Esteban Ocon, Daniel Ricciardo.",impeding,3,other,3,speeding,1
Williams,2020,6,0,"Nicholas Latifi, George Russell","Williams received 6 infringement(s) in 2020. The most common infraction type was other (3 occurrence(s)). The most frequent penalty was unknown (3 time(s)). Drivers involved: Nicholas Latifi, George Russell.",other,3,yellow_flags,1,unsafe_release,1
McLaren,2021,11,0,"Daniel Ricciardo, Lando Norris","McLaren received 11 infringement(s) in 2021. The most common infraction type was other (4 occurrence(s)). The most frequent penalty was unknown (4 time(s)). Drivers involved: Daniel Ricciardo, Lando Norris.",other,4,technical,2,speeding,2
Alpine,2021,16,0,"Esteban Ocon, Fernando Alonso","Alpine received 16 infringement(s) in 2021. The most common infraction type was collision (6 occurrence(s)). The most frequent penalty was unknown (4 time(s)). Drivers involved: Esteban Ocon, Fernando Alonso.",collision,6,other,3,impeding,2
Alfa Romeo,2021,12,0,"Antonio Giovinazzi, Kimi Raikkonen","Alfa Romeo received 12 infringement(s) in 2021. The most common infraction type was speeding (5 occurrence(s)). The most frequent penalty was unknown (4 time(s)). Drivers involved: Antonio Giovinazzi, Kimi Raikkonen.",speeding,5,other,4,collision,1
AlphaTauri,2021,26,0,"Yuki Tsunoda, Pierre Gasly","AlphaTauri received 26 infringement(s) in 2021. The most common infraction type was other (9 occurrence(s)). The most frequent penalty was unknown (17 time(s)). Drivers involved: Yuki Tsunoda, Pierre Gasly.",other,9,technical,9,procedure,2
Mercedes,2021,24,2,"Valtteri Bottas, Lewis Hamilton","Mercedes received 24 infringement(s) in 2021. The most common infraction type was other (10 occurrence(s)). The most frequent penalty was unknown (12 time(s)). Drivers involved: Valtteri Bottas, Lewis Hamilton. Infractions occurred across 2 race(s).",other,10,technical,7,collision,3
Haas,2021,17,0,"Nikita Mazepin, Mick Schumacher","Haas received 17 infringement(s) in 2021. The most common infraction type was other (8 occurrence(s)). The most frequent penalty was unknown (7 time(s)). Drivers involved: Nikita Mazepin, Mick Schumacher.",other,8,impeding,3,speeding,2
Ferrari,2021,14,0,"Carlos Sainz, Charles Leclerc","Ferrari received 14 infringement(s) in 2021. The most common infraction type was other (4 occurrence(s)). The most frequent penalty was no action (6 time(s)). Drivers involved: Carlos Sainz, Charles Leclerc.",other,4,technical,3,yellow_flags,2
Williams,2021,11,0,"Nicholas Latifi, George Russell","Williams received 11 infringement(s) in 2021. The most common infraction type was other (6 occurrence(s)). The most frequent penalty was unknown (6 time(s)). Drivers involved: Nicholas Latifi, George Russell.",other,6,collision,2,speeding,1
Red Bull,2021,12,0,"Sergio Perez, Max Verstappen","Red Bull received 12 infringement(s) in 2021. The most common infraction type was other (4 occurrence(s)). The most frequent penalty was no action (7 time(s)). Drivers involved: Sergio Perez, Max Verstappen.",other,4,yellow_flags,3,track_limits,2
Aston Martin,2021,19,1,"Lance Stroll, Sebastian Vettel","Aston Martin received 19 infringement(s) in 2021. The most common infraction type was other (7 occurrence(s)). The most frequent penalty was unknown (6 time(s)). Drivers involved: Lance Stroll, Sebastian Vettel. Infractions occurred across 1 race(s).",other,7,collision,3,speeding,3
Aston Martin,2022,22,0,"Lance Stroll, Sebastian Vettel","Aston Martin received 22 infringement(s) in 2022. The most common infraction type was other (6 occurrence(s)). The most frequent penalty was fine (8 time(s)). Drivers involved: Lance Stroll, Sebastian Vettel.",other,6,speeding,6,collision,4
AlphaTauri,2022,49,1,"Yuki Tsunoda, Pierre Gasly","AlphaTauri received 49 infringement(s) in 2022. The most common infraction type was other (20 occurrence(s)). The most frequent penalty was unknown (22 time(s)). Drivers involved: Yuki Tsunoda, Pierre Gasly. Infractions occurred across 1 race(s).",other,20,technical,10,speeding,6
Alpine,2022,20,1,"Esteban Ocon, Fernando Alonso","Alpine received 20 infringement(s) in 2022. The most common infraction type was technical (6 occurrence(s)). The most frequent penalty was unknown (8 time(s)). Drivers involved: Esteban Ocon, Fernando Alonso. Infractions occurred across 1 race(s).",technical,6,other,5,collision,4
Haas,2022,24,0,"Kevin Magnussen, Mick Schumacher","Haas received 24 infringement(s) in 2022. The most common infraction type was collision (7 occurrence(s)). The most frequent penalty was no action (11 time(s)). Drivers involved: Kevin Magnussen, Mick Schumacher.",collision,7,other,5,impeding,3
Williams,2022,16,0,"Nicholas Latifi, Alexander Albon","Williams received 16 infringement(s) in 2022. The most common infraction type was other (5 occurrence(s)). The most frequent penalty was time penalty (5 time(s)). Drivers involved: Nicholas Latifi, Alexander Albon.",other,5,impeding,3,track_limits,3
McLaren,2022,13,0,"Daniel Ricciardo, Lando Norris","McLaren received 13 infringement(s) in 2022. The most common infraction type was collision (3 occurrence(s)). The most frequent penalty was time penalty (5 time(s)). Drivers involved: Daniel Ricciardo, Lando Norris.",collision,3,impeding,3,track_limits,2
Mercedes,2022,17,0,"George Russell, Lewis Hamilton","Mercedes received 17 infringement(s) in 2022. The most common infraction type was impeding (5 occurrence(s)). The most frequent penalty was no action (5 time(s)). Drivers involved: George Russell, Lewis Hamilton.",impeding,5,other,4,procedure,2
Red Bull,2022,14,3,"Sergio Perez, Max Verstappen","Red Bull received 14 infringement(s) in 2022. The most common infraction type was other (9 occurrence(s)). The most frequent penalty was unknown (5 time(s)). Drivers involved: Sergio Perez, Max Verstappen. Infractions occurred across 3 race(s).",other,9,speeding,2,impeding,1
Ferrari,2022,21,0,"Carlos Sainz, Charles Leclerc","Ferrari received 21 infringement(s) in 2022. The most common infraction type was technical (6 occurrence(s)). The most frequent penalty was unknown (8 time(s)). Drivers involved: Carlos Sainz, Charles Leclerc.",technical,6,impeding,6,unsafe_release,3
Alfa Romeo,2022,15,1,"Zhou Guanyu, Valtteri Bottas","Alfa Romeo received 15 infringement(s) in 2022. The most common infraction type was other (5 occurrence(s)). The most frequent penalty was fine (7 time(s)). Drivers involved: Zhou Guanyu, Valtteri Bottas. Infractions occurred across 1 race(s).",other,5,speeding,5,track_limits,2
Ferrari,2023,23,1,"Carlos Sainz, Charles Leclerc","Ferrari received 23 infringement(s) in 2023. The most common infraction type was other (7 occurrence(s)). The most frequent penalty was unknown (11 time(s)). Drivers involved: Carlos Sainz, Charles Leclerc. Infractions occurred across 1 race(s).",other,7,speeding,4,technical,3
Aston Martin,2023,14,1,"Lance Stroll, Fernando Alonso","Aston Martin received 14 infringement(s) in 2023. The most common infraction type was speeding (7 occurrence(s)). The most frequent penalty was fine (8 time(s)). Drivers involved: Lance Stroll, Fernando Alonso. Infractions occurred across 1 race(s).",speeding,7,other,5,unsafe_release,1
Williams,2023,22,0,"Logan Sargeant, Alexander Albon","Williams received 22 infringement(s) in 2023. The most common infraction type was other (9 occurrence(s)). The most frequent penalty was time penalty (10 time(s)). Drivers involved: Logan Sargeant, Alexander Albon.",other,9,track_limits,6,speeding,5
Haas,2023,25,2,"Kevin Magnussen, Nico Hulkenberg","Haas received 25 infringement(s) in 2023. The most common infraction type was other (15 occurrence(s)). The most frequent penalty was time penalty (9 time(s)). Drivers involved: Kevin Magnussen, Nico Hulkenberg. Infractions occurred across 2 race(s).",other,15,track_limits,4,collision,3
Mercedes,2023,21,0,"George Russell, Lewis Hamilton","Mercedes received 21 infringement(s) in 2023. The most common infraction type was other (9 occurrence(s)). The most frequent penalty was time penalty (6 time(s)). Drivers involved: George Russell, Lewis Hamilton.",other,9,speeding,3,impeding,3
AlphaTauri,2023,25,1,"Yuki Tsunoda, Daniel Ricciardo","AlphaTauri received 25 infringement(s) in 2023. The most common infraction type was other (6 occurrence(s)). The most frequent penalty was unknown (11 time(s)). Drivers involved: Yuki Tsunoda, Daniel Ricciardo. Infractions occurred across 1 race(s).",other,6,technical,6,speeding,4
Alfa Romeo,2023,8,0,"Zhou Guanyu, Valtteri Bottas","Alfa Romeo received 8 infringement(s) in 2023. The most common infraction type was speeding (5 occurrence(s)). The most frequent penalty was fine (5 time(s)). Drivers involved: Zhou Guanyu, Valtteri Bottas.",speeding,5,other,2,track_limits,1
Red Bull,2023,14,0,"Sergio Perez, Max Verstappen","Red Bull received 14 infringement(s) in 2023. The most common infraction type was other (7 occurrence(s)). The most frequent penalty was time penalty (6 time(s)). Drivers involved: Sergio Perez, Max Verstappen.",other,7,speeding,3,impeding,2
Alpine,2023,20,3,"Esteban Ocon, Pierre Gasly","Alpine received 20 infringement(s) in 2023. The most common infraction type was other (9 occurrence(s)). The most frequent penalty was time penalty (10 time(s)). Drivers involved: Esteban Ocon, Pierre Gasly. Infractions occurred across 3 race(s).",other,9,track_limits,4,speeding,4
McLaren,2023,6,1,"Oscar Piastri, Lando Norris","McLaren received 6 infringement(s) in 2023. The most common infraction type was other (3 occurrence(s)). The most frequent penalty was reprimand (2 time(s)). Drivers involved: Oscar Piastri, Lando Norris. Infractions occurred across 1 race(s).",other,3,unsafe_release,1,track_limits,1
Alpine,2024,21,6,"Esteban Ocon, Pierre Gasly","Alpine received 21 infringement(s) in 2024. The most common infraction type was other (13 occurrence(s)). The most frequent penalty was unknown (12 time(s)). Drivers involved: Esteban Ocon, Pierre Gasly. Infractions occurred across 6 race(s).",other,13,technical,4,procedure,3
AlphaTauri,2024,29,0,"Yuki Tsunoda, Daniel Ricciardo","AlphaTauri received 29 infringement(s) in 2024. The most common infraction type was other (15 occurrence(s)). The most frequent penalty was time penalty (11 time(s)). Drivers involved: Yuki Tsunoda, Daniel Ricciardo.",other,15,technical,4,impeding,2
Haas,2024,31,7,"Kevin Magnussen, Nico Hulkenberg","Haas received 31 infringement(s) in 2024. The most common infraction type was other (23 occurrence(s)). The most frequent penalty was unknown (14 time(s)). Drivers involved: Kevin Magnussen, Nico Hulkenberg. Infractions occurred across 7 race(s).",other,23,track_limits,5,impeding,1
Williams,2024,18,1,"Logan Sargeant, Alexander Albon","Williams received 18 infringement(s) in 2024. The most common infraction type was procedure (7 occurrence(s)). The most frequent penalty was unknown (8 time(s)). Drivers involved: Logan Sargeant, Alexander Albon. Infractions occurred across 1 race(s).",procedure,7,other,6,speeding,3
Mercedes,2024,23,3,"George Russell, Lewis Hamilton","Mercedes received 23 infringement(s) in 2024. The most common infraction type was other (12 occurrence(s)). The most frequent penalty was unknown (8 time(s)). Drivers involved: George Russell, Lewis Hamilton. Infractions occurred across 3 race(s).",other,12,impeding,4,procedure,2
McLaren,2024,15,0,"Oscar Piastri, Lando Norris","McLaren received 15 infringement(s) in 2024. The most common infraction type was other (7 occurrence(s)). The most frequent penalty was time penalty (5 time(s)). Drivers involved: Oscar Piastri, Lando Norris.",other,7,track_limits,2,impeding,2
Red Bull,2024,31,9,"Sergio Perez, Max Verstappen","Red Bull received 31 infringement(s) in 2024. The most common infraction type was other (15 occurrence(s)). The most frequent penalty was unknown (19 time(s)). Drivers involved: Sergio Perez, Max Verstappen. Infractions occurred across 9 race(s).",other,15,speeding,5,impeding,4
Ferrari,2024,15,0,"Carlos Sainz, Charles Leclerc","Ferrari received 15 infringement(s) in 2024. The most common infraction type was other (9 occurrence(s)). The most frequent penalty was fine (6 time(s)). Drivers involved: Carlos Sainz, Charles Leclerc.",other,9,technical,2,impeding,2
Aston Martin,2024,15,0,"Lance Stroll, Fernando Alonso","Aston Martin received 15 infringement(s) in 2024. The most common infraction type was speeding (5 occurrence(s)). The most frequent penalty was fine (5 time(s)). Drivers involved: Lance Stroll, Fernando Alonso.",speeding,5,other,4,procedure,3
Alfa Romeo,2024,15,0,"Zhou Guanyu, Valtteri Bottas","Alfa Romeo received 15 infringement(s) in 2024. The most common infraction type was procedure (5 occurrence(s)). The most frequent penalty was unknown (9 time(s)). Drivers involved: Zhou Guanyu, Valtteri Bottas.",procedure,5,collision,3,technical,3
