[
  {
    "team": "McLaren",
    "year": "2020",
    "statistics": {
      "total_infractions": 11,
      "infraction_types": {
        "technical": 1,
        "impeding": 5,
        "collision": 1,
        "other": 1,
        "yellow_flags": 2,
        "speeding": 1
      },
      "penalty_types": {
        "unknown": 4,
        "no_action": 5,
        "time_penalty": 1,
        "fine": 1
      },
      "drivers": [
        "Carlos Sainz",
        "Lando Norris"
      ],
      "races_affected": 1
    },
    "insights": [
      "McLaren received 11 infringement(s) in 2020.",
      "The most common infraction type was impeding (5 occurrence(s)).",
      "The most frequent penalty was no action (5 time(s)).",
      "Drivers involved: Carlos Sainz, Lando Norris.",
      "Infractions occurred across 1 race(s)."
    ],
    "summary_text": "McLaren received 11 infringement(s) in 2020. The most common infraction type was impeding (5 occurrence(s)). The most frequent penalty was no action (5 time(s)). Drivers involved: Carlos Sainz, Lando Norris. Infractions occurred across 1 race(s)."
  },
  {
    "team": "Red Bull",
    "year": "2020",
    "statistics": {
      "total_infractions": 10,
      "infraction_types": {
        "collision": 5,
        "other": 3,
        "track_limits": 1,
        "speeding": 1
      },
      "penalty_types": {
        "no_action": 4,
        "time_penalty": 4,
        "unknown": 1,
        "fine": 1
      },
      "drivers": [
        "Max Verstappen",
        "Alexander Albon"
      ],
      "races_affected": 0
    },
    "insights": [
      "Red Bull received 10 infringement(s) in 2020.",
      "The most common infraction type was collision (5 occurrence(s)).",
      "The most frequent penalty was no action (4 time(s)).",
      "Drivers involved: Max Verstappen, Alexander Albon."
    ],
    "summary_text": "Red Bull received 10 infringement(s) in 2020. The most common infraction type was collision (5 occurrence(s)). The most frequent penalty was no action (4 time(s)). Drivers involved: Max Verstappen, Alexander Albon."
  },
  {
    "team": "Aston Martin",
    "year": "2020",
    "statistics": {
      "total_infractions": 17,
      "infraction_types": {
        "track_limits": 2,
        "unsafe_release": 1,
        "yellow_flags": 2,
        "impeding": 2,
        "other": 7,
        "speeding": 2,
        "procedure": 1
      },
      "penalty_types": {
        "unknown": 6,
        "no_action": 3,
        "reprimand": 6,
        "time_penalty": 1,
        "fine": 1
      },
      "drivers": [
        "Lance Stroll",
        "Sergio Perez"
      ],
      "races_affected": 6
    },
    "insights": [
      "Aston Martin received 17 infringement(s) in 2020.",
      "The most common infraction type was other (7 occurrence(s)).",
      "The most frequent penalty was unknown (6 time(s)).",
      "Drivers involved: Lance Stroll, Sergio Perez.",
      "Infractions occurred across 6 race(s)."
    ],
    "summary_text": "Aston Martin received 17 infringement(s) in 2020. The most common infraction type was other (7 occurrence(s)). The most frequent penalty was unknown (6 time(s)). Drivers involved: Lance Stroll, Sergio Perez. Infractions occurred across 6 race(s)."
  },
  {
    "team": "Ferrari",
    "year": "2020",
    "statistics": {
      "total_infractions": 8,
      "infraction_types": {
        "unsafe_release": 1,
        "impeding": 2,
        "track_limits": 1,
        "speeding": 2,
        "collision": 1,
        "other": 1
      },
      "penalty_types": {
        "no_action": 3,
        "unknown": 3,
        "fine": 2
      },
      "drivers": [
        "Sebastian Vettel",
        "Charles Leclerc"
      ],
      "races_affected": 0
    },
    "insights": [
      "Ferrari received 8 infringement(s) in 2020.",
      "The most common infraction type was impeding (2 occurrence(s)).",
      "The most frequent penalty was no action (3 time(s)).",
      "Drivers involved: Sebastian Vettel, Charles Leclerc."
    ],
    "summary_text": "Ferrari received 8 infringement(s) in 2020. The most common infraction type was impeding (2 occurrence(s)). The most frequent penalty was no action (3 time(s)). Drivers involved: Sebastian Vettel, Charles Leclerc."
  },
  {
    "team": "Alfa Romeo",
    "year": "2020",
    "statistics": {
      "total_infractions": 13,
      "infraction_types": {
        "speeding": 3,
        "other": 6,
        "track_limits": 3,
        "collision": 1
      },
      "penalty_types": {
        "fine": 4,
        "no_action": 1,
        "unknown": 6,
        "time_penalty": 2
      },
      "drivers": [
        "Antonio Giovinazzi",
        "Kimi Raikkonen"
      ],
      "races_affected": 0
    },
    "insights": [
      "Alfa Romeo received 13 infringement(s) in 2020.",
      "The most common infraction type was other (6 occurrence(s)).",
      "The most frequent penalty was unknown (6 time(s)).",
      "Drivers involved: Antonio Giovinazzi, Kimi Raikkonen."
    ],
    "summary_text": "Alfa Romeo received 13 infringement(s) in 2020. The most common infraction type was other (6 occurrence(s)). The most frequent penalty was unknown (6 time(s)). Drivers involved: Antonio Giovinazzi, Kimi Raikkonen."
  },
  {
    "team": "Mercedes",
    "year": "2020",
    "statistics": {
      "total_infractions": 17,
      "infraction_types": {
        "other": 8,
        "yellow_flags": 3,
        "procedure": 3,
        "track_limits": 3
      },
      "penalty_types": {
        "unknown": 9,
        "no_action": 2,
        "time_penalty": 5,
        "fine": 1
      },
      "drivers": [
        "Valtteri Bottas",
        "Lewis Hamilton"
      ],
      "races_affected": 1
    },
    "insights": [
      "Mercedes received 17 infringement(s) in 2020.",
      "The most common infraction type was other (8 occurrence(s)).",
      "The most frequent penalty was unknown (9 time(s)).",
      "Drivers involved: Valtteri Bottas, Lewis Hamilton.",
      "Infractions occurred across 1 race(s)."
    ],
    "summary_text": "Mercedes received 17 infringement(s) in 2020. The most common infraction type was other (8 occurrence(s)). The most frequent penalty was unknown (9 time(s)). Drivers involved: Valtteri Bottas, Lewis Hamilton. Infractions occurred across 1 race(s)."
  },
  {
    "team": "Haas",
    "year": "2020",
    "statistics": {
      "total_infractions": 18,
      "infraction_types": {
        "track_limits": 8,
        "other": 5,
        "technical": 2,
        "collision": 2,
        "procedure": 1
      },
      "penalty_types": {
        "time_penalty": 4,
        "unknown": 7,
        "no_action": 5,
        "reprimand": 1,
        "disqualification": 1
      },
      "drivers": [
        "Kevin Magnussen",
        "Romain Grosjean"
      ],
      "races_affected": 0
    },
    "insights": [
      "Haas received 18 infringement(s) in 2020.",
      "The most common infraction type was track limits (8 occurrence(s)).",
      "The most frequent penalty was unknown (7 time(s)).",
      "Drivers involved: Kevin Magnussen, Romain Grosjean."
    ],
    "summary_text": "Haas received 18 infringement(s) in 2020. The most common infraction type was track limits (8 occurrence(s)). The most frequent penalty was unknown (7 time(s)). Drivers involved: Kevin Magnussen, Romain Grosjean."
  },
  {
    "team": "AlphaTauri",
    "year": "2020",
    "statistics": {
      "total_infractions": 15,
      "infraction_types": {
        "track_limits": 5,
        "speeding": 1,
        "other": 4,
        "technical": 3,
        "impeding": 1,
        "collision": 1,
        "procedure": 1
      },
      "penalty_types": {
        "unknown": 8,
        "fine": 1,
        "time_penalty": 5,
        "no_action": 1
      },
      "drivers": [
        "Daniil Kvyat",
        "Pierre Gasly"
      ],
      "races_affected": 0
    },
    "insights": [
      "AlphaTauri received 15 infringement(s) in 2020.",
      "The most common infraction type was track limits (5 occurrence(s)).",
      "The most frequent penalty was unknown (8 time(s)).",
      "Drivers involved: Daniil Kvyat, Pierre Gasly."
    ],
    "summary_text": "AlphaTauri received 15 infringement(s) in 2020. The most common infraction type was track limits (5 occurrence(s)). The most frequent penalty was unknown (8 time(s)). Drivers involved: Daniil Kvyat, Pierre Gasly."
  },
  {
    "team": "Alpine",
    "year": "2020",
    "statistics": {
      "total_infractions": 9,
      "infraction_types": {
        "impeding": 3,
        "other": 3,
        "speeding": 1,
        "collision": 1,
        "track_limits": 1
      },
      "penalty_types": {
        "unknown": 3,
        "no_action": 4,
        "fine": 1,
        "time_penalty": 1
      },
      "drivers": [
        "Esteban Ocon",
        "Daniel Ricciardo"
      ],
      "races_affected": 0
    },
    "insights": [
      "Alpine received 9 infringement(s) in 2020.",
      "The most common infraction type was impeding (3 occurrence(s)).",
      "The most frequent penalty was no action (4 time(s)).",
      "Drivers involved: Esteban Ocon, Daniel Ricciardo."
    ],
    "summary_text": "Alpine received 9 infringement(s) in 2020. The most common infraction type was impeding (3 occurrence(s)). The most frequent penalty was no action (4 time(s)). Drivers involved: Esteban Ocon, Daniel Ricciardo."
  },
  {
    "team": "Williams",
    "year": "2020",
    "statistics": {
      "total_infractions": 6,
      "infraction_types": {
        "yellow_flags": 1,
        "unsafe_release": 1,
        "other": 3,
        "track_limits": 1
      },
      "penalty_types": {
        "unknown": 3,
        "no_action": 2,
        "time_penalty": 1
      },
      "drivers": [
        "Nicholas Latifi",
        "George Russell"
      ],
      "races_affected": 0
    },
    "insights": [
      "Williams received 6 infringement(s) in 2020.",
      "The most common infraction type was other (3 occurrence(s)).",
      "The most frequent penalty was unknown (3 time(s)).",
      "Drivers involved: Nicholas Latifi, George Russell."
    ],
    "summary_text": "Williams received 6 infringement(s) in 2020. The most common infraction type was other (3 occurrence(s)). The most frequent penalty was unknown (3 time(s)). Drivers involved: Nicholas Latifi, George Russell."
  },
  {
    "team": "McLaren",
    "year": "2021",
    "statistics": {
      "total_infractions": 11,
      "infraction_types": {
        "other": 4,
        "technical": 2,
        "speeding": 2,
        "yellow_flags": 2,
        "impeding": 2
      },
      "penalty_types": {
        "unknown": 4,
        "reprimand": 2,
        "fine": 2,
        "no_action": 2,
        "time_penalty": 1
      },
      "drivers": [
        "Daniel Ricciardo",
        "Lando Norris"
      ],
      "races_affected": 0
    },
    "insights": [
      "McLaren received 11 infringement(s) in 2021.",
      "The most common infraction type was other (4 occurrence(s)).",
      "The most frequent penalty was unknown (4 time(s)).",
      "Drivers involved: Daniel Ricciardo, Lando Norris."
    ],
    "summary_text": "McLaren received 11 infringement(s) in 2021. The most common infraction type was other (4 occurrence(s)). The most frequent penalty was unknown (4 time(s)). Drivers involved: Daniel Ricciardo, Lando Norris."
  },
  {
    "team": "Alpine",
    "year": "2021",
    "statistics": {
      "total_infractions": 16,
      "infraction_types": {
        "other": 3,
        "impeding": 2,
        "collision": 6,
        "speeding": 1,
        "yellow_flags": 1,
        "technical": 2,
        "procedure": 1
      },
      "penalty_types": {
        "fine": 2,
        "unknown": 4,
        "time_penalty": 4,
        "reprimand": 2,
        "no_action": 4
      },
      "drivers": [
        "Esteban Ocon",
        "Fernando Alonso"
      ],
      "races_affected": 0
    },
    "insights": [
      "Alpine received 16 infringement(s) in 2021.",
      "The most common infraction type was collision (6 occurrence(s)).",
      "The most frequent penalty was unknown (4 time(s)).",
      "Drivers involved: Esteban Ocon, Fernando Alonso."
    ],
    "summary_text": "Alpine received 16 infringement(s) in 2021. The most common infraction type was collision (6 occurrence(s)). The most frequent penalty was unknown (4 time(s)). Drivers involved: Esteban Ocon, Fernando Alonso."
  },
  {
    "team": "Alfa Romeo",
    "year": "2021",
    "statistics": {
      "total_infractions": 12,
      "infraction_types": {
        "other": 4,
        "speeding": 5,
        "collision": 1,
        "unsafe_release": 1,
        "yellow_flags": 1,
        "track_limits": 1
      },
      "penalty_types": {
        "unknown": 4,
        "fine": 4,
        "time_penalty": 1,
        "reprimand": 2,
        "no_action": 1
      },
      "drivers": [
        "Antonio Giovinazzi",
        "Kimi Raikkonen"
      ],
      "races_affected": 0
    },
    "insights": [
      "Alfa Romeo received 12 infringement(s) in 2021.",
      "The most common infraction type was speeding (5 occurrence(s)).",
      "The most frequent penalty was unknown (4 time(s)).",
      "Drivers involved: Antonio Giovinazzi, Kimi Raikkonen."
    ],
    "summary_text": "Alfa Romeo received 12 infringement(s) in 2021. The most common infraction type was speeding (5 occurrence(s)). The most frequent penalty was unknown (4 time(s)). Drivers involved: Antonio Giovinazzi, Kimi Raikkonen."
  },
  {
    "team": "AlphaTauri",
    "year": "2021",
    "statistics": {
      "total_infractions": 26,
      "infraction_types": {
        "other": 9,
        "technical": 9,
        "yellow_flags": 1,
        "track_limits": 1,
        "collision": 1,
        "procedure": 2,
        "impeding": 2,
        "speeding": 1
      },
      "penalty_types": {
        "unknown": 17,
        "no_action": 2,
        "time_penalty": 5,
        "reprimand": 1,
        "fine": 1
      },
      "drivers": [
        "Yuki Tsunoda",
        "Pierre Gasly"
      ],
      "races_affected": 0
    },
    "insights": [
      "AlphaTauri received 26 infringement(s) in 2021.",
      "The most common infraction type was other (9 occurrence(s)).",
      "The most frequent penalty was unknown (17 time(s)).",
      "Drivers involved: Yuki Tsunoda, Pierre Gasly."
    ],
    "summary_text": "AlphaTauri received 26 infringement(s) in 2021. The most common infraction type was other (9 occurrence(s)). The most frequent penalty was unknown (17 time(s)). Drivers involved: Yuki Tsunoda, Pierre Gasly."
  },
  {
    "team": "Mercedes",
    "year": "2021",
    "statistics": {
      "total_infractions": 24,
      "infraction_types": {
        "technical": 7,
        "other": 10,
        "impeding": 2,
        "collision": 3,
        "track_limits": 1,
        "yellow_flags": 1
      },
      "penalty_types": {
        "disqualification": 1,
        "unknown": 12,
        "fine": 3,
        "no_action": 2,
        "reprimand": 3,
        "grid_penalty": 1,
        "time_penalty": 2
      },
      "drivers": [
        "Valtteri Bottas",
        "Lewis Hamilton"
      ],
      "races_affected": 2
    },
    "insights": [
      "Mercedes received 24 infringement(s) in 2021.",
      "The most common infraction type was other (10 occurrence(s)).",
      "The most frequent penalty was unknown (12 time(s)).",
      "Drivers involved: Valtteri Bottas, Lewis Hamilton.",
      "Infractions occurred across 2 race(s)."
    ],
    "summary_text": "Mercedes received 24 infringement(s) in 2021. The most common infraction type was other (10 occurrence(s)). The most frequent penalty was unknown (12 time(s)). Drivers involved: Valtteri Bottas, Lewis Hamilton. Infractions occurred across 2 race(s)."
  },
  {
    "team": "Haas",
    "year": "2021",
    "statistics": {
      "total_infractions": 17,
      "infraction_types": {
        "other": 8,
        "speeding": 2,
        "collision": 2,
        "impeding": 3,
        "track_limits": 1,
        "yellow_flags": 1
      },
      "penalty_types": {
        "no_action": 4,
        "unknown": 7,
        "fine": 2,
        "time_penalty": 3,
        "reprimand": 1
      },
      "drivers": [
        "Nikita Mazepin",
        "Mick Schumacher"
      ],
      "races_affected": 0
    },
    "insights": [
      "Haas received 17 infringement(s) in 2021.",
      "The most common infraction type was other (8 occurrence(s)).",
      "The most frequent penalty was unknown (7 time(s)).",
      "Drivers involved: Nikita Mazepin, Mick Schumacher."
    ],
    "summary_text": "Haas received 17 infringement(s) in 2021. The most common infraction type was other (8 occurrence(s)). The most frequent penalty was unknown (7 time(s)). Drivers involved: Nikita Mazepin, Mick Schumacher."
  },
  {
    "team": "Ferrari",
    "year": "2021",
    "statistics": {
      "total_infractions": 14,
      "infraction_types": {
        "yellow_flags": 2,
        "other": 4,
        "technical": 3,
        "impeding": 2,
        "track_limits": 2,
        "speeding": 1
      },
      "penalty_types": {
        "no_action": 6,
        "reprimand": 1,
        "unknown": 5,
        "time_penalty": 1,
        "fine": 1
      },
      "drivers": [
        "Carlos Sainz",
        "Charles Leclerc"
      ],
      "races_affected": 0
    },
    "insights": [
      "Ferrari received 14 infringement(s) in 2021.",
      "The most common infraction type was other (4 occurrence(s)).",
      "The most frequent penalty was no action (6 time(s)).",
      "Drivers involved: Carlos Sainz, Charles Leclerc."
    ],
    "summary_text": "Ferrari received 14 infringement(s) in 2021. The most common infraction type was other (4 occurrence(s)). The most frequent penalty was no action (6 time(s)). Drivers involved: Carlos Sainz, Charles Leclerc."
  },
  {
    "team": "Williams",
    "year": "2021",
    "statistics": {
      "total_infractions": 11,
      "infraction_types": {
        "other": 6,
        "collision": 2,
        "speeding": 1,
        "procedure": 1,
        "yellow_flags": 1
      },
      "penalty_types": {
        "unknown": 6,
        "no_action": 4,
        "time_penalty": 1
      },
      "drivers": [
        "Nicholas Latifi",
        "George Russell"
      ],
      "races_affected": 0
    },
    "insights": [
      "Williams received 11 infringement(s) in 2021.",
      "The most common infraction type was other (6 occurrence(s)).",
      "The most frequent penalty was unknown (6 time(s)).",
      "Drivers involved: Nicholas Latifi, George Russell."
    ],
    "summary_text": "Williams received 11 infringement(s) in 2021. The most common infraction type was other (6 occurrence(s)). The most frequent penalty was unknown (6 time(s)). Drivers involved: Nicholas Latifi, George Russell."
  },
  {
    "team": "Red Bull",
    "year": "2021",
    "statistics": {
      "total_infractions": 12,
      "infraction_types": {
        "other": 4,
        "track_limits": 2,
        "yellow_flags": 3,
        "speeding": 1,
        "collision": 2
      },
      "penalty_types": {
        "no_action": 7,
        "unknown": 2,
        "time_penalty": 2,
        "fine": 1
      },
      "drivers": [
        "Sergio Perez",
        "Max Verstappen"
      ],
      "races_affected": 0
    },
    "insights": [
      "Red Bull received 12 infringement(s) in 2021.",
      "The most common infraction type was other (4 occurrence(s)).",
      "The most frequent penalty was no action (7 time(s)).",
      "Drivers involved: Sergio Perez, Max Verstappen."
    ],
    "summary_text": "Red Bull received 12 infringement(s) in 2021. The most common infraction type was other (4 occurrence(s)). The most frequent penalty was no action (7 time(s)). Drivers involved: Sergio Perez, Max Verstappen."
  },
  {
    "team": "Aston Martin",
    "year": "2021",
    "statistics": {
      "total_infractions": 19,
      "infraction_types": {
        "track_limits": 1,
        "collision": 3,
        "speeding": 3,
        "other": 7,
        "technical": 1,
        "yellow_flags": 3,
        "impeding": 1,
        "unsafe_release": 1
      },
      "penalty_types": {
        "time_penalty": 3,
        "fine": 3,
        "unknown": 6,
        "no_action": 3,
        "disqualification": 1,
        "grid_penalty": 1,
        "reprimand": 2
      },
      "drivers": [
        "Lance Stroll",
        "Sebastian Vettel"
      ],
      "races_affected": 1
    },
    "insights": [
      "Aston Martin received 19 infringement(s) in 2021.",
      "The most common infraction type was other (7 occurrence(s)).",
      "The most frequent penalty was unknown (6 time(s)).",
      "Drivers involved: Lance Stroll, Sebastian Vettel.",
      "Infractions occurred across 1 race(s)."
    ],
    "summary_text": "Aston Martin received 19 infringement(s) in 2021. The most common infraction type was other (7 occurrence(s)). The most frequent penalty was unknown (6 time(s)). Drivers involved: Lance Stroll, Sebastian Vettel. Infractions occurred across 1 race(s)."
  },
  {
    "team": "Aston Martin",
    "year": "2022",
    "statistics": {
      "total_infractions": 22,
      "infraction_types": {
        "other": 6,
        "speeding": 6,
        "collision": 4,
        "impeding": 3,
        "track_limits": 2,
        "unsafe_release": 1
      },
      "penalty_types": {
        "time_penalty": 5,
        "no_action": 4,
        "fine": 8,
        "reprimand": 4,
        "unknown": 1
      },
      "drivers": [
        "Lance Stroll",
        "Sebastian Vettel"
      ],
      "races_affected": 0
    },
    "insights": [
      "Aston Martin received 22 infringement(s) in 2022.",
      "The most common infraction type was other (6 occurrence(s)).",
      "The most frequent penalty was fine (8 time(s)).",
      "Drivers involved: Lance Stroll, Sebastian Vettel."
    ],
    "summary_text": "Aston Martin received 22 infringement(s) in 2022. The most common infraction type was other (6 occurrence(s)). The most frequent penalty was fine (8 time(s)). Drivers involved: Lance Stroll, Sebastian Vettel."
  },
  {
    "team": "AlphaTauri",
    "year": "2022",
    "statistics": {
      "total_infractions": 49,
      "infraction_types": {
        "technical": 10,
        "other": 20,
        "impeding": 5,
        "track_limits": 3,
        "speeding": 6,
        "collision": 3,
        "procedure": 3
      },
      "penalty_types": {
        "unknown": 22,
        "grid_penalty": 1,
        "time_penalty": 10,
        "reprimand": 7,
        "fine": 5,
        "no_action": 4
      },
      "drivers": [
        "Yuki Tsunoda",
        "Pierre Gasly"
      ],
      "races_affected": 1
    },
    "insights": [
      "AlphaTauri received 49 infringement(s) in 2022.",
      "The most common infraction type was other (20 occurrence(s)).",
      "The most frequent penalty was unknown (22 time(s)).",
      "Drivers involved: Yuki Tsunoda, Pierre Gasly.",
      "Infractions occurred across 1 race(s)."
    ],
    "summary_text": "AlphaTauri received 49 infringement(s) in 2022. The most common infraction type was other (20 occurrence(s)). The most frequent penalty was unknown (22 time(s)). Drivers involved: Yuki Tsunoda, Pierre Gasly. Infractions occurred across 1 race(s)."
  },
  {
    "team": "Alpine",
    "year": "2022",
    "statistics": {
      "total_infractions": 20,
      "infraction_types": {
        "technical": 6,
        "procedure": 1,
        "other": 5,
        "collision": 4,
        "track_limits": 2,
        "impeding": 1,
        "unsafe_release": 2
      },
      "penalty_types": {
        "unknown": 8,
        "time_penalty": 7,
        "reprimand": 2,
        "no_action": 3
      },
      "drivers": [
        "Esteban Ocon",
        "Fernando Alonso"
      ],
      "races_affected": 1
    },
    "insights": [
      "Alpine received 20 infringement(s) in 2022.",
      "The most common infraction type was technical (6 occurrence(s)).",
      "The most frequent penalty was unknown (8 time(s)).",
      "Drivers involved: Esteban Ocon, Fernando Alonso.",
      "Infractions occurred across 1 race(s)."
    ],
    "summary_text": "Alpine received 20 infringement(s) in 2022. The most common infraction type was technical (6 occurrence(s)). The most frequent penalty was unknown (8 time(s)). Drivers involved: Esteban Ocon, Fernando Alonso. Infractions occurred across 1 race(s)."
  },
  {
    "team": "Haas",
    "year": "2022",
    "statistics": {
      "total_infractions": 24,
      "infraction_types": {
        "unsafe_release": 1,
        "collision": 7,
        "impeding": 3,
        "technical": 3,
        "other": 5,
        "speeding": 2,
        "track_limits": 2,
        "yellow_flags": 1
      },
      "penalty_types": {
        "no_action": 11,
        "time_penalty": 6,
        "unknown": 5,
        "fine": 2
      },
      "drivers": [
        "Kevin Magnussen",
        "Mick Schumacher"
      ],
      "races_affected": 0
    },
    "insights": [
      "Haas received 24 infringement(s) in 2022.",
      "The most common infraction type was collision (7 occurrence(s)).",
      "The most frequent penalty was no action (11 time(s)).",
      "Drivers involved: Kevin Magnussen, Mick Schumacher."
    ],
    "summary_text": "Haas received 24 infringement(s) in 2022. The most common infraction type was collision (7 occurrence(s)). The most frequent penalty was no action (11 time(s)). Drivers involved: Kevin Magnussen, Mick Schumacher."
  },
  {
    "team": "Williams",
    "year": "2022",
    "statistics": {
      "total_infractions": 16,
      "infraction_types": {
        "other": 5,
        "technical": 1,
        "impeding": 3,
        "track_limits": 3,
        "collision": 2,
        "unsafe_release": 1,
        "speeding": 2
      },
      "penalty_types": {
        "no_action": 3,
        "disqualification": 1,
        "time_penalty": 5,
        "fine": 4,
        "unknown": 2,
        "reprimand": 1
      },
      "drivers": [
        "Nicholas Latifi",
        "Alexander Albon"
      ],
      "races_affected": 0
    },
    "insights": [
      "Williams received 16 infringement(s) in 2022.",
      "The most common infraction type was other (5 occurrence(s)).",
      "The most frequent penalty was time penalty (5 time(s)).",
      "Drivers involved: Nicholas Latifi, Alexander Albon."
    ],
    "summary_text": "Williams received 16 infringement(s) in 2022. The most common infraction type was other (5 occurrence(s)). The most frequent penalty was time penalty (5 time(s)). Drivers involved: Nicholas Latifi, Alexander Albon."
  },
  {
    "team": "McLaren",
    "year": "2022",
    "statistics": {
      "total_infractions": 13,
      "infraction_types": {
        "collision": 3,
        "track_limits": 2,
        "other": 2,
        "technical": 1,
        "yellow_flags": 1,
        "impeding": 3,
        "speeding": 1,
        "unsafe_release": 1
      },
      "penalty_types": {
        "time_penalty": 5,
        "no_action": 3,
        "unknown": 2,
        "fine": 2,
        "reprimand": 1
      },
      "drivers": [
        "Daniel Ricciardo",
        "Lando Norris"
      ],
      "races_affected": 0
    },
    "insights": [
      "McLaren received 13 infringement(s) in 2022.",
      "The most common infraction type was collision (3 occurrence(s)).",
      "The most frequent penalty was time penalty (5 time(s)).",
      "Drivers involved: Daniel Ricciardo, Lando Norris."
    ],
    "summary_text": "McLaren received 13 infringement(s) in 2022. The most common infraction type was collision (3 occurrence(s)). The most frequent penalty was time penalty (5 time(s)). Drivers involved: Daniel Ricciardo, Lando Norris."
  },
  {
    "team": "Mercedes",
    "year": "2022",
    "statistics": {
      "total_infractions": 17,
      "infraction_types": {
        "unsafe_release": 1,
        "procedure": 2,
        "impeding": 5,
        "other": 4,
        "technical": 2,
        "collision": 2,
        "speeding": 2
      },
      "penalty_types": {
        "time_penalty": 3,
        "fine": 4,
        "no_action": 5,
        "unknown": 4,
        "reprimand": 1
      },
      "drivers": [
        "George Russell",
        "Lewis Hamilton"
      ],
      "races_affected": 0
    },
    "insights": [
      "Mercedes received 17 infringement(s) in 2022.",
      "The most common infraction type was impeding (5 occurrence(s)).",
      "The most frequent penalty was no action (5 time(s)).",
      "Drivers involved: George Russell, Lewis Hamilton."
    ],
    "summary_text": "Mercedes received 17 infringement(s) in 2022. The most common infraction type was impeding (5 occurrence(s)). The most frequent penalty was no action (5 time(s)). Drivers involved: George Russell, Lewis Hamilton."
  },
  {
    "team": "Red Bull",
    "year": "2022",
    "statistics": {
      "total_infractions": 14,
      "infraction_types": {
        "other": 9,
        "speeding": 2,
        "impeding": 1,
        "track_limits": 1,
        "yellow_flags": 1
      },
      "penalty_types": {
        "unknown": 5,
        "no_action": 3,
        "fine": 3,
        "time_penalty": 1,
        "reprimand": 2
      },
      "drivers": [
        "Sergio Perez",
        "Max Verstappen"
      ],
      "races_affected": 3
    },
    "insights": [
      "Red Bull received 14 infringement(s) in 2022.",
      "The most common infraction type was other (9 occurrence(s)).",
      "The most frequent penalty was unknown (5 time(s)).",
      "Drivers involved: Sergio Perez, Max Verstappen.",
      "Infractions occurred across 3 race(s)."
    ],
    "summary_text": "Red Bull received 14 infringement(s) in 2022. The most common infraction type was other (9 occurrence(s)). The most frequent penalty was unknown (5 time(s)). Drivers involved: Sergio Perez, Max Verstappen. Infractions occurred across 3 race(s)."
  },
  {
    "team": "Ferrari",
    "year": "2022",
    "statistics": {
      "total_infractions": 21,
      "infraction_types": {
        "technical": 6,
        "impeding": 6,
        "unsafe_release": 3,
        "other": 3,
        "procedure": 1,
        "track_limits": 1,
        "speeding": 1
      },
      "penalty_types": {
        "unknown": 8,
        "no_action": 6,
        "time_penalty": 4,
        "reprimand": 2,
        "fine": 1
      },
      "drivers": [
        "Carlos Sainz",
        "Charles Leclerc"
      ],
      "races_affected": 0
    },
    "insights": [
      "Ferrari received 21 infringement(s) in 2022.",
      "The most common infraction type was technical (6 occurrence(s)).",
      "The most frequent penalty was unknown (8 time(s)).",
      "Drivers involved: Carlos Sainz, Charles Leclerc."
    ],
    "summary_text": "Ferrari received 21 infringement(s) in 2022. The most common infraction type was technical (6 occurrence(s)). The most frequent penalty was unknown (8 time(s)). Drivers involved: Carlos Sainz, Charles Leclerc."
  },
  {
    "team": "Alfa Romeo",
    "year": "2022",
    "statistics": {
      "total_infractions": 15,
      "infraction_types": {
        "other": 5,
        "track_limits": 2,
        "speeding": 5,
        "collision": 1,
        "procedure": 1,
        "impeding": 1
      },
      "penalty_types": {
        "fine": 7,
        "time_penalty": 2,
        "grid_penalty": 1,
        "unknown": 1,
        "no_action": 1,
        "reprimand": 2,
        "disqualification": 1
      },
      "drivers": [
        "Zhou Guanyu",
        "Valtteri Bottas"
      ],
      "races_affected": 1
    },
    "insights": [
      "Alfa Romeo received 15 infringement(s) in 2022.",
      "The most common infraction type was other (5 occurrence(s)).",
      "The most frequent penalty was fine (7 time(s)).",
      "Drivers involved: Zhou Guanyu, Valtteri Bottas.",
      "Infractions occurred across 1 race(s)."
    ],
    "summary_text": "Alfa Romeo received 15 infringement(s) in 2022. The most common infraction type was other (5 occurrence(s)). The most frequent penalty was fine (7 time(s)). Drivers involved: Zhou Guanyu, Valtteri Bottas. Infractions occurred across 1 race(s)."
  },
  {
    "team": "Ferrari",
    "year": "2023",
    "statistics": {
      "total_infractions": 23,
      "infraction_types": {
        "technical": 3,
        "procedure": 1,
        "impeding": 3,
        "track_limits": 3,
        "other": 7,
        "speeding": 4,
        "collision": 2,
        "yellow_flags": 1
      },
      "penalty_types": {
        "unknown": 11,
        "time_penalty": 6,
        "no_action": 1,
        "reprimand": 2,
        "disqualification": 1,
        "fine": 2
      },
      "drivers": [
        "Carlos Sainz",
        "Charles Leclerc"
      ],
      "races_affected": 1
    },
    "insights": [
      "Ferrari received 23 infringement(s) in 2023.",
      "The most common infraction type was other (7 occurrence(s)).",
      "The most frequent penalty was unknown (11 time(s)).",
      "Drivers involved: Carlos Sainz, Charles Leclerc.",
      "Infractions occurred across 1 race(s)."
    ],
    "summary_text": "Ferrari received 23 infringement(s) in 2023. The most common infraction type was other (7 occurrence(s)). The most frequent penalty was unknown (11 time(s)). Drivers involved: Carlos Sainz, Charles Leclerc. Infractions occurred across 1 race(s)."
  },
  {
    "team": "Aston Martin",
    "year": "2023",
    "statistics": {
      "total_infractions": 14,
      "infraction_types": {
        "other": 5,
        "speeding": 7,
        "unsafe_release": 1,
        "impeding": 1
      },
      "penalty_types": {
        "time_penalty": 3,
        "fine": 8,
        "unknown": 2,
        "no_action": 1
      },
      "drivers": [
        "Lance Stroll",
        "Fernando Alonso"
      ],
      "races_affected": 1
    },
    "insights": [
      "Aston Martin received 14 infringement(s) in 2023.",
      "The most common infraction type was speeding (7 occurrence(s)).",
      "The most frequent penalty was fine (8 time(s)).",
      "Drivers involved: Lance Stroll, Fernando Alonso.",
      "Infractions occurred across 1 race(s)."
    ],
    "summary_text": "Aston Martin received 14 infringement(s) in 2023. The most common infraction type was speeding (7 occurrence(s)). The most frequent penalty was fine (8 time(s)). Drivers involved: Lance Stroll, Fernando Alonso. Infractions occurred across 1 race(s)."
  },
  {
    "team": "Williams",
    "year": "2023",
    "statistics": {
      "total_infractions": 22,
      "infraction_types": {
        "speeding": 5,
        "track_limits": 6,
        "other": 9,
        "impeding": 1,
        "collision": 1
      },
      "penalty_types": {
        "fine": 5,
        "time_penalty": 10,
        "reprimand": 3,
        "unknown": 3,
        "no_action": 1
      },
      "drivers": [
        "Logan Sargeant",
        "Alexander Albon"
      ],
      "races_affected": 0
    },
    "insights": [
      "Williams received 22 infringement(s) in 2023.",
      "The most common infraction type was other (9 occurrence(s)).",
      "The most frequent penalty was time penalty (10 time(s)).",
      "Drivers involved: Logan Sargeant, Alexander Albon."
    ],
    "summary_text": "Williams received 22 infringement(s) in 2023. The most common infraction type was other (9 occurrence(s)). The most frequent penalty was time penalty (10 time(s)). Drivers involved: Logan Sargeant, Alexander Albon."
  },
  {
    "team": "Haas",
    "year": "2023",
    "statistics": {
      "total_infractions": 25,
      "infraction_types": {
        "other": 15,
        "collision": 3,
        "track_limits": 4,
        "yellow_flags": 2,
        "impeding": 2,
        "speeding": 1
      },
      "penalty_types": {
        "time_penalty": 9,
        "fine": 4,
        "unknown": 6,
        "reprimand": 2,
        "no_action": 4
      },
      "drivers": [
        "Kevin Magnussen",
        "Nico Hulkenberg"
      ],
      "races_affected": 2
    },
    "insights": [
      "Haas received 25 infringement(s) in 2023.",
      "The most common infraction type was other (15 occurrence(s)).",
      "The most frequent penalty was time penalty (9 time(s)).",
      "Drivers involved: Kevin Magnussen, Nico Hulkenberg.",
      "Infractions occurred across 2 race(s)."
    ],
    "summary_text": "Haas received 25 infringement(s) in 2023. The most common infraction type was other (15 occurrence(s)). The most frequent penalty was time penalty (9 time(s)). Drivers involved: Kevin Magnussen, Nico Hulkenberg. Infractions occurred across 2 race(s)."
  },
  {
    "team": "Mercedes",
    "year": "2023",
    "statistics": {
      "total_infractions": 21,
      "infraction_types": {
        "other": 9,
        "speeding": 3,
        "impeding": 3,
        "track_limits": 3,
        "procedure": 1,
        "collision": 2
      },
      "penalty_types": {
        "reprimand": 2,
        "fine": 4,
        "unknown": 4,
        "no_action": 4,
        "time_penalty": 6,
        "disqualification": 1
      },
      "drivers": [
        "George Russell",
        "Lewis Hamilton"
      ],
      "races_affected": 0
    },
    "insights": [
      "Mercedes received 21 infringement(s) in 2023.",
      "The most common infraction type was other (9 occurrence(s)).",
      "The most frequent penalty was time penalty (6 time(s)).",
      "Drivers involved: George Russell, Lewis Hamilton."
    ],
    "summary_text": "Mercedes received 21 infringement(s) in 2023. The most common infraction type was other (9 occurrence(s)). The most frequent penalty was time penalty (6 time(s)). Drivers involved: George Russell, Lewis Hamilton."
  },
  {
    "team": "AlphaTauri",
    "year": "2023",
    "statistics": {
      "total_infractions": 25,
      "infraction_types": {
        "other": 6,
        "technical": 6,
        "speeding": 4,
        "track_limits": 2,
        "impeding": 3,
        "procedure": 2,
        "collision": 3,
        "unsafe_release": 1
      },
      "penalty_types": {
        "unknown": 11,
        "fine": 7,
        "time_penalty": 6,
        "reprimand": 1
      },
      "drivers": [
        "Yuki Tsunoda",
        "Daniel Ricciardo"
      ],
      "races_affected": 1
    },
    "insights": [
      "AlphaTauri received 25 infringement(s) in 2023.",
      "The most common infraction type was other (6 occurrence(s)).",
      "The most frequent penalty was unknown (11 time(s)).",
      "Drivers involved: Yuki Tsunoda, Daniel Ricciardo.",
      "Infractions occurred across 1 race(s)."
    ],
    "summary_text": "AlphaTauri received 25 infringement(s) in 2023. The most common infraction type was other (6 occurrence(s)). The most frequent penalty was unknown (11 time(s)). Drivers involved: Yuki Tsunoda, Daniel Ricciardo. Infractions occurred across 1 race(s)."
  },
  {
    "team": "Alfa Romeo",
    "year": "2023",
    "statistics": {
      "total_infractions": 8,
      "infraction_types": {
        "track_limits": 1,
        "speeding": 5,
        "other": 2
      },
      "penalty_types": {
        "time_penalty": 1,
        "fine": 5,
        "disqualification": 1,
        "reprimand": 1
      },
      "drivers": [
        "Zhou Guanyu",
        "Valtteri Bottas"
      ],
      "races_affected": 0
    },
    "insights": [
      "Alfa Romeo received 8 infringement(s) in 2023.",
      "The most common infraction type was speeding (5 occurrence(s)).",
      "The most frequent penalty was fine (5 time(s)).",
      "Drivers involved: Zhou Guanyu, Valtteri Bottas."
    ],
    "summary_text": "Alfa Romeo received 8 infringement(s) in 2023. The most common infraction type was speeding (5 occurrence(s)). The most frequent penalty was fine (5 time(s)). Drivers involved: Zhou Guanyu, Valtteri Bottas."
  },
  {
    "team": "Red Bull",
    "year": "2023",
    "statistics": {
      "total_infractions": 14,
      "infraction_types": {
        "impeding": 2,
        "other": 7,
        "collision": 1,
        "speeding": 3,
        "procedure": 1
      },
      "penalty_types": {
        "reprimand": 3,
        "unknown": 2,
        "time_penalty": 6,
        "fine": 3
      },
      "drivers": [
        "Sergio Perez",
        "Max Verstappen"
      ],
      "races_affected": 0
    },
    "insights": [
      "Red Bull received 14 infringement(s) in 2023.",
      "The most common infraction type was other (7 occurrence(s)).",
      "The most frequent penalty was time penalty (6 time(s)).",
      "Drivers involved: Sergio Perez, Max Verstappen."
    ],
    "summary_text": "Red Bull received 14 infringement(s) in 2023. The most common infraction type was other (7 occurrence(s)). The most frequent penalty was time penalty (6 time(s)). Drivers involved: Sergio Perez, Max Verstappen."
  },
  {
    "team": "Alpine",
    "year": "2023",
    "statistics": {
      "total_infractions": 20,
      "infraction_types": {
        "other": 9,
        "impeding": 2,
        "unsafe_release": 1,
        "track_limits": 4,
        "speeding": 4,
        "procedure": 1
      },
      "penalty_types": {
        "unknown": 7,
        "time_penalty": 10,
        "no_action": 2,
        "fine": 1
      },
      "drivers": [
        "Esteban Ocon",
        "Pierre Gasly"
      ],
      "races_affected": 3
    },
    "insights": [
      "Alpine received 20 infringement(s) in 2023.",
      "The most common infraction type was other (9 occurrence(s)).",
      "The most frequent penalty was time penalty (10 time(s)).",
      "Drivers involved: Esteban Ocon, Pierre Gasly.",
      "Infractions occurred across 3 race(s)."
    ],
    "summary_text": "Alpine received 20 infringement(s) in 2023. The most common infraction type was other (9 occurrence(s)). The most frequent penalty was time penalty (10 time(s)). Drivers involved: Esteban Ocon, Pierre Gasly. Infractions occurred across 3 race(s)."
  },
  {
    "team": "McLaren",
    "year": "2023",
    "statistics": {
      "total_infractions": 6,
      "infraction_types": {
        "other": 3,
        "unsafe_release": 1,
        "track_limits": 1,
        "impeding": 1
      },
      "penalty_types": {
        "reprimand": 2,
        "no_action": 1,
        "time_penalty": 2,
        "fine": 1
      },
      "drivers": [
        "Oscar Piastri",
        "Lando Norris"
      ],
      "races_affected": 1
    },
    "insights": [
      "McLaren received 6 infringement(s) in 2023.",
      "The most common infraction type was other (3 occurrence(s)).",
      "The most frequent penalty was reprimand (2 time(s)).",
      "Drivers involved: Oscar Piastri, Lando Norris.",
      "Infractions occurred across 1 race(s)."
    ],
    "summary_text": "McLaren received 6 infringement(s) in 2023. The most common infraction type was other (3 occurrence(s)). The most frequent penalty was reprimand (2 time(s)). Drivers involved: Oscar Piastri, Lando Norris. Infractions occurred across 1 race(s)."
  },
  {
    "team": "Alpine",
    "year": "2024",
    "statistics": {
      "total_infractions": 21,
      "infraction_types": {
        "other": 13,
        "technical": 4,
        "procedure": 3,
        "track_limits": 1,
        "collision": 2,
        "unsafe_release": 1,
        "yellow_flags": 1
      },
      "penalty_types": {
        "reprimand": 1,
        "unknown": 12,
        "disqualification": 1,
        "fine": 2,
        "time_penalty": 4,
        "grid_penalty": 1
      },
      "drivers": [
        "Esteban Ocon",
        "Pierre Gasly"
      ],
      "races_affected": 6
    },
    "insights": [
      "Alpine received 21 infringement(s) in 2024.",
      "The most common infraction type was other (13 occurrence(s)).",
      "The most frequent penalty was unknown (12 time(s)).",
      "Drivers involved: Esteban Ocon, Pierre Gasly.",
      "Infractions occurred across 6 race(s)."
    ],
    "summary_text": "Alpine received 21 infringement(s) in 2024. The most common infraction type was other (13 occurrence(s)). The most frequent penalty was unknown (12 time(s)). Drivers involved: Esteban Ocon, Pierre Gasly. Infractions occurred across 6 race(s)."
  },
  {
    "team": "AlphaTauri",
    "year": "2024",
    "statistics": {
      "total_infractions": 29,
      "infraction_types": {
        "other": 15,
        "impeding": 2,
        "procedure": 2,
        "speeding": 2,
        "unsafe_release": 2,
        "track_limits": 1,
        "technical": 4,
        "collision": 1
      },
      "penalty_types": {
        "fine": 5,
        "unknown": 6,
        "reprimand": 3,
        "time_penalty": 11,
        "grid_penalty": 4
      },
      "drivers": [
        "Yuki Tsunoda",
        "Daniel Ricciardo"
      ],
      "races_affected": 0
    },
    "insights": [
      "AlphaTauri received 29 infringement(s) in 2024.",
      "The most common infraction type was other (15 occurrence(s)).",
      "The most frequent penalty was time penalty (11 time(s)).",
      "Drivers involved: Yuki Tsunoda, Daniel Ricciardo."
    ],
    "summary_text": "AlphaTauri received 29 infringement(s) in 2024. The most common infraction type was other (15 occurrence(s)). The most frequent penalty was time penalty (11 time(s)). Drivers involved: Yuki Tsunoda, Daniel Ricciardo."
  },
  {
    "team": "Haas",
    "year": "2024",
    "statistics": {
      "total_infractions": 31,
      "infraction_types": {
        "other": 23,
        "impeding": 1,
        "track_limits": 5,
        "technical": 1,
        "procedure": 1,
        "speeding": 1
      },
      "penalty_types": {
        "reprimand": 2,
        "unknown": 14,
        "fine": 1,
        "time_penalty": 11,
        "disqualification": 3
      },
      "drivers": [
        "Kevin Magnussen",
        "Nico Hulkenberg"
      ],
      "races_affected": 7
    },
    "insights": [
      "Haas received 31 infringement(s) in 2024.",
      "The most common infraction type was other (23 occurrence(s)).",
      "The most frequent penalty was unknown (14 time(s)).",
      "Drivers involved: Kevin Magnussen, Nico Hulkenberg.",
      "Infractions occurred across 7 race(s)."
    ],
    "summary_text": "Haas received 31 infringement(s) in 2024. The most common infraction type was other (23 occurrence(s)). The most frequent penalty was unknown (14 time(s)). Drivers involved: Kevin Magnussen, Nico Hulkenberg. Infractions occurred across 7 race(s)."
  },
  {
    "team": "Williams",
    "year": "2024",
    "statistics": {
      "total_infractions": 18,
      "infraction_types": {
        "other": 6,
        "procedure": 7,
        "speeding": 3,
        "unsafe_release": 1,
        "collision": 1,
        "technical": 1
      },
      "penalty_types": {
        "unknown": 8,
        "fine": 5,
        "time_penalty": 4,
        "disqualification": 1
      },
      "drivers": [
        "Logan Sargeant",
        "Alexander Albon"
      ],
      "races_affected": 1
    },
    "insights": [
      "Williams received 18 infringement(s) in 2024.",
      "The most common infraction type was procedure (7 occurrence(s)).",
      "The most frequent penalty was unknown (8 time(s)).",
      "Drivers involved: Logan Sargeant, Alexander Albon.",
      "Infractions occurred across 1 race(s)."
    ],
    "summary_text": "Williams received 18 infringement(s) in 2024. The most common infraction type was procedure (7 occurrence(s)). The most frequent penalty was unknown (8 time(s)). Drivers involved: Logan Sargeant, Alexander Albon. Infractions occurred across 1 race(s)."
  },
  {
    "team": "Mercedes",
    "year": "2024",
    "statistics": {
      "total_infractions": 23,
      "infraction_types": {
        "other": 12,
        "impeding": 4,
        "procedure": 2,
        "speeding": 2,
        "technical": 1,
        "unsafe_release": 2,
        "yellow_flags": 1
      },
      "penalty_types": {
        "fine": 5,
        "unknown": 8,
        "time_penalty": 5,
        "disqualification": 1,
        "reprimand": 3,
        "grid_penalty": 1
      },
      "drivers": [
        "George Russell",
        "Lewis Hamilton"
      ],
      "races_affected": 3
    },
    "insights": [
      "Mercedes received 23 infringement(s) in 2024.",
      "The most common infraction type was other (12 occurrence(s)).",
      "The most frequent penalty was unknown (8 time(s)).",
      "Drivers involved: George Russell, Lewis Hamilton.",
      "Infractions occurred across 3 race(s)."
    ],
    "summary_text": "Mercedes received 23 infringement(s) in 2024. The most common infraction type was other (12 occurrence(s)). The most frequent penalty was unknown (8 time(s)). Drivers involved: George Russell, Lewis Hamilton. Infractions occurred across 3 race(s)."
  },
  {
    "team": "McLaren",
    "year": "2024",
    "statistics": {
      "total_infractions": 15,
      "infraction_types": {
        "track_limits": 2,
        "impeding": 2,
        "collision": 2,
        "other": 7,
        "unsafe_release": 1,
        "yellow_flags": 1
      },
      "penalty_types": {
        "time_penalty": 5,
        "fine": 3,
        "reprimand": 3,
        "unknown": 4
      },
      "drivers": [
        "Oscar Piastri",
        "Lando Norris"
      ],
      "races_affected": 0
    },
    "insights": [
      "McLaren received 15 infringement(s) in 2024.",
      "The most common infraction type was other (7 occurrence(s)).",
      "The most frequent penalty was time penalty (5 time(s)).",
      "Drivers involved: Oscar Piastri, Lando Norris."
    ],
    "summary_text": "McLaren received 15 infringement(s) in 2024. The most common infraction type was other (7 occurrence(s)). The most frequent penalty was time penalty (5 time(s)). Drivers involved: Oscar Piastri, Lando Norris."
  },
  {
    "team": "Red Bull",
    "year": "2024",
    "statistics": {
      "total_infractions": 31,
      "infraction_types": {
        "other": 15,
        "procedure": 2,
        "speeding": 5,
        "unsafe_release": 1,
        "impeding": 4,
        "collision": 2,
        "yellow_flags": 2,
        "technical": 1
      },
      "penalty_types": {
        "fine": 5,
        "unknown": 19,
        "time_penalty": 5,
        "reprimand": 1,
        "no_action": 1
      },
      "drivers": [
        "Sergio Perez",
        "Max Verstappen"
      ],
      "races_affected": 9
    },
    "insights": [
      "Red Bull received 31 infringement(s) in 2024.",
      "The most common infraction type was other (15 occurrence(s)).",
      "The most frequent penalty was unknown (19 time(s)).",
      "Drivers involved: Sergio Perez, Max Verstappen.",
      "Infractions occurred across 9 race(s)."
    ],
    "summary_text": "Red Bull received 31 infringement(s) in 2024. The most common infraction type was other (15 occurrence(s)). The most frequent penalty was unknown (19 time(s)). Drivers involved: Sergio Perez, Max Verstappen. Infractions occurred across 9 race(s)."
  },
  {
    "team": "Ferrari",
    "year": "2024",
    "statistics": {
      "total_infractions": 15,
      "infraction_types": {
        "other": 9,
        "technical": 2,
        "yellow_flags": 1,
        "impeding": 2,
        "collision": 1
      },
      "penalty_types": {
        "reprimand": 4,
        "time_penalty": 2,
        "unknown": 3,
        "fine": 6
      },
      "drivers": [
        "Carlos Sainz",
        "Charles Leclerc"
      ],
      "races_affected": 0
    },
    "insights": [
      "Ferrari received 15 infringement(s) in 2024.",
      "The most common infraction type was other (9 occurrence(s)).",
      "The most frequent penalty was fine (6 time(s)).",
      "Drivers involved: Carlos Sainz, Charles Leclerc."
    ],
    "summary_text": "Ferrari received 15 infringement(s) in 2024. The most common infraction type was other (9 occurrence(s)). The most frequent penalty was fine (6 time(s)). Drivers involved: Carlos Sainz, Charles Leclerc."
  },
  {
    "team": "Aston Martin",
    "year": "2024",
    "statistics": {
      "total_infractions": 15,
      "infraction_types": {
        "other": 4,
        "procedure": 3,
        "speeding": 5,
        "track_limits": 2,
        "collision": 1
      },
      "penalty_types": {
        "reprimand": 2,
        "unknown": 3,
        "fine": 5,
        "time_penalty": 5
      },
      "drivers": [
        "Lance Stroll",
        "Fernando Alonso"
      ],
      "races_affected": 0
    },
    "insights": [
      "Aston Martin received 15 infringement(s) in 2024.",
      "The most common infraction type was speeding (5 occurrence(s)).",
      "The most frequent penalty was fine (5 time(s)).",
      "Drivers involved: Lance Stroll, Fernando Alonso."
    ],
    "summary_text": "Aston Martin received 15 infringement(s) in 2024. The most common infraction type was speeding (5 occurrence(s)). The most frequent penalty was fine (5 time(s)). Drivers involved: Lance Stroll, Fernando Alonso."
  },
  {
    "team": "Alfa Romeo",
    "year": "2024",
    "statistics": {
      "total_infractions": 15,
      "infraction_types": {
        "collision": 3,
        "procedure": 5,
        "technical": 3,
        "other": 3,
        "speeding": 1,
        "impeding": 1
      },
      "penalty_types": {
        "time_penalty": 3,
        "unknown": 9,
        "grid_penalty": 1,
        "reprimand": 1,
        "fine": 1
      },
      "drivers": [
        "Zhou Guanyu",
        "Valtteri Bottas"
      ],
      "races_affected": 0
    },
    "insights": [
      "Alfa Romeo received 15 infringement(s) in 2024.",
      "The most common infraction type was procedure (5 occurrence(s)).",
      "The most frequent penalty was unknown (9 time(s)).",
      "Drivers involved: Zhou Guanyu, Valtteri Bottas."
    ],
    "summary_text": "Alfa Romeo received 15 infringement(s) in 2024. The most common infraction type was procedure (5 occurrence(s)). The most frequent penalty was unknown (9 time(s)). Drivers involved: Zhou Guanyu, Valtteri Bottas."
  }
]